{
  "TIME": [
    0.05,
    0.1,
    0.15000000000000002,
    0.2,
    0.25,
    0.3,
    0.35,
    0.39999999999999997,
    0.44999999999999996,
    0.5
  ],
  "NODE_76": {
    "COORDINATES": [
      0.75,
      7.1,
      30.0
    ],
    "DISPLACEMENT_X": [
      5.838961346869537e-10,
      1.4747314061643923e-09,
      2.2210060571521493e-09,
      6.724998449488112e-09,
      -3.863606374969592e-08,
      -6.1628771610833315e-06,
      -9.87360527122146e-07,
      1.7130997367351971e-06,
      -2.1821862934616137e-06,
      2.3420853364207214e-06
    ],
    "DISPLACEMENT_Y": [
      -3.773848844071325e-10,
      -7.167235398578404e-10,
      -4.587947034485169e-08,
      9.121350623377852e-08,
      -1.2166681064322951e-07,
      -0.00010538203253606868,
      -1.5744400065965196e-05,
      2.3903468585431136e-05,
      -2.7487434605062526e-05,
      2.0632223530663436e-05
    ],
    "DISPLACEMENT_Z": [
      -1.622643501789264e-09,
      -4.643306361226417e-09,
      1.394050450200839e-08,
      4.155297293365516e-08,
      1.6172749226987297e-07,
      6.068303354916449e-06,
      3.8753292818011744e-07,
      -6.174689265420902e-07,
      8.466319207025986e-07,
      -1.1561922103328396e-06
    ],
    "VELOCITY_X": [
      2.3355845387478148e-08,
      1.2277565471619398e-08,
      1.7573420567890886e-08,
      1.625862751255476e-07,
      -1.977028763092909e-06,
      -0.00024299261513025251,
      0.00045001328048869995,
      -0.0003419948699344062,
      0.0001861834287265338,
      -5.212563531240542e-06
    ],
    "VELOCITY_Y": [
      -1.5095395376285302e-08,
      1.521849158256989e-09,
      -1.808031721358011e-06,
      7.291750784503219e-06,
      -1.580696345958354e-05,
      -0.004194607665557434,
      0.007780112964361573,
      -0.00619419821830572,
      0.004138562090685974,
      -0.002213775765256937
    ],
    "VELOCITY_Z": [
      -6.490574007157056e-08,
      -5.592077430591556e-08,
      7.992732088353079e-07,
      3.0522552843056275e-07,
      4.5017552450181485e-06,
      0.0002317612792608449,
      -0.00045899209633029815,
      0.0004187920221414098,
      -0.00036022798825162226,
      0.00028011502301020485
    ],
    "ACCELERATION_X": [
      9.342338154991257e-07,
      -1.3773650121334757e-06,
      1.589199215984335e-06,
      4.211314966321932e-06,
      -8.979591649506017e-05,
      -0.009550827538191321,
      0.037271063362949414,
      -0.06895138937987366,
      0.09007852132631125,
      -0.09773436101662222
    ],
    "ACCELERATION_Y": [
      -6.03815815051412e-07,
      1.2685055964331038e-06,
      -7.365064841708381e-05,
      0.000437641948651533,
      -0.0013615905184150034,
      -0.165790437565499,
      0.6447792627622593,
      -1.203751710068951,
      1.6170621224286188,
      -1.8711556366663349
    ],
    "ACCELERATION_Z": [
      -2.596229602862822e-06,
      2.955628233489022e-06,
      3.125213109215991e-05,
      -5.101403830834973e-05,
      0.00021887522697185312,
      0.008871505733661215,
      -0.03650164075730694,
      0.07161300549617526,
      -0.10277380591189654,
      0.1283875263623696
    ]
  },
  "NODE_229": {
    "COORDINATES": [
      2.5,
      7.1,
      30.0
    ],
    "DISPLACEMENT_X": [
      1.0139081679001025e-09,
      1.3932367819889131e-09,
      3.7867139427839676e-09,
      2.0276660929746923e-08,
      1.1567794538435617e-07,
      -2.669685139323186e-06,
      -6.98844344297214e-07,
      1.3700562608506366e-06,
      -1.9035310683032921e-06,
      1.7849036411788587e-06
    ],
    "DISPLACEMENT_Y": [
      -1.1624064020043269e-09,
      -2.989071937066749e-09,
      -9.036614975501646e-10,
      1.5791106109730703e-08,
      5.892121054050337e-07,
      -4.462900342269189e-06,
      -3.6139806278657928e-06,
      5.649969606645094e-06,
      -4.7197705088098874e-06,
      4.1946396425359754e-07
    ],
    "DISPLACEMENT_Z": [
      -3.8723414665810855e-09,
      -8.80084027711375e-09,
      6.464006898421443e-09,
      8.403968006031558e-08,
      5.109765274337363e-07,
      2.267092143563212e-07,
      -7.745563637741188e-07,
      9.774847731818456e-08,
      3.599049920522755e-08,
      -2.9103246716403146e-07
    ],
    "VELOCITY_X": [
      4.05563267160041e-08,
      -2.538318215245167e-08,
      1.2112226858425385e-07,
      5.384756108942643e-07,
      3.2775757672901054e-06,
      -0.00011469209915559177,
      0.00019352573095663062,
      -0.00011076970675071658,
      -2.0173786415440565e-05,
      0.00016771117479472646
    ],
    "VELOCITY_Y": [
      -4.6496256080173075e-08,
      -2.657036532232383e-08,
      1.0998678290298722e-07,
      5.578039213882474e-07,
      2.237903605042387e-05,
      -0.00022446353395739278,
      0.0002584203225335286,
      0.00011213768684690682,
      -0.0005269272914651061,
      0.0007324966703876454
    ],
    "VELOCITY_Z": [
      -1.5489365866324343e-07,
      -4.224629375806309e-08,
      6.528401807794708e-07,
      2.4501867456962945e-06,
      1.4627287149240533e-05,
      -2.5997979672337135e-05,
      -1.4052643452880466e-05,
      4.89448370965726e-05,
      -5.141515622109088e-05,
      3.833423756632053e-05
    ],
    "ACCELERATION_X": [
      1.622253068640164e-06,
      -4.259833423378394e-06,
      1.0120051452846617e-05,
      6.574082239553802e-06,
      0.00010298992401627984,
      -0.004821776920931555,
      0.01715049012542045,
      -0.029322307633714337,
      0.032946144447125375,
      -0.025430745998718703
    ],
    "ACCELERATION_Y": [
      -1.8598502432069227e-06,
      2.6568858735208925e-06,
      2.805400055491548e-06,
      1.5107285483918858e-05,
      0.0008577419996775058,
      -0.01073144479999017,
      0.030046799059627025,
      -0.035898104487091895,
      0.010335505354611377,
      0.04004145311949864
    ],
    "ACCELERATION_Z": [
      -6.195746346529736e-06,
      1.0701640942736952e-05,
      1.71018180387644e-05,
      5.4792044557908524e-05,
      0.00043229197158386096,
      -0.0020573026444469676,
      0.0025351160932252344,
      -1.521687124711197e-05,
      -0.003999182861459427,
      0.007589158612955881
    ]
  }
}