{
  "TIME": [
    0.003,
    0.004,
    0.005,
    0.006,
    0.007,
    0.008,
    0.009000000000000001,
    0.010000000000000002,
    0.011000000000000003,
    0.012000000000000004,
    0.013000000000000005,
    0.014000000000000005,
    0.015000000000000006,
    0.016000000000000007,
    0.017000000000000008,
    0.01800000000000001,
    0.01900000000000001,
    0.02000000000000001
  ],
  "NODE_811": {
    "VELOCITY_X": [
      7.88858801622385e-13,
      1.7720288443376097e-11,
      1.083016852602492e-10,
      2.728232614953384e-10,
      1.6913339419180214e-10,
      -4.881962104380129e-10,
      -1.2750783896611959e-09,
      -4.05899650277832e-09,
      -1.228311784495204e-08,
      -1.1615897368841881e-08,
      2.984352533011998e-08,
      9.415820028943396e-08,
      8.895020972185305e-08,
      -1.9102407194502007e-08,
      -1.2256400726651032e-07,
      -1.4085974338761575e-07,
      -1.3811429993406605e-07,
      -1.5691663269399486e-07
    ],
    "VELOCITY_Y": [
      8.638978108515633e-13,
      1.2079935550202685e-11,
      1.2480242769087842e-10,
      9.142666765146343e-10,
      4.003574732005697e-09,
      1.1042173863671073e-08,
      2.1062219286959354e-08,
      2.753391153070411e-08,
      5.7949947223955246e-09,
      -1.0274017532199876e-07,
      -3.5140128161236133e-07,
      -7.037408154913377e-07,
      -1.0556552186198683e-06,
      -1.3578637435024125e-06,
      -1.6077533184043908e-06,
      -1.7571942052492224e-06,
      -1.7654427752728131e-06,
      -1.6648481677329703e-06
    ],
    "VELOCITY_Z": [
      2.088686570057538e-12,
      2.25318539392281e-11,
      1.0652826749831222e-10,
      3.6770045535912294e-10,
      1.068762343510087e-09,
      1.6526824994371155e-09,
      -1.280994785024045e-09,
      -9.453127067093162e-09,
      -1.0963385374724829e-08,
      1.319962037704378e-08,
      5.6623551841300986e-08,
      7.871138778196632e-08,
      4.3802239268393815e-08,
      -3.6903585357825006e-08,
      -1.0096157168675861e-07,
      -1.0236017872668626e-07,
      -1.1640562687520801e-07,
      -2.8206861741503216e-07
    ]
  },
  "NODE_812": {
    "DISPLACEMENT_X": [
      1.6466026650536366e-07,
      1.6466026604419834e-07,
      1.6466026358989412e-07,
      1.646601946178449e-07,
      1.6465961886175786e-07,
      1.6465708380874918e-07,
      1.6465003751887881e-07,
      1.6463798365801417e-07,
      1.6463174114827484e-07,
      1.6466256968067917e-07,
      1.6476925412099318e-07,
      1.6495413274773314e-07,
      1.6515394077733915e-07,
      1.652853907495615e-07,
      1.6533603953472759e-07,
      1.6539368288418878e-07,
      1.6557051451969315e-07,
      1.6589559129245829e-07
    ],
    "DISPLACEMENT_Y": [
      4.7632359870308123e-07,
      4.7632359553469414e-07,
      4.763235945002e-07,
      4.7632373696831e-07,
      4.763249539975878e-07,
      4.7633071829153814e-07,
      4.763486947719553e-07,
      4.763862053116526e-07,
      4.7643182157897743e-07,
      4.764290908894762e-07,
      4.762749872871798e-07,
      4.758780046920494e-07,
      4.7524148997347296e-07,
      4.744533230891513e-07,
      4.735430910953817e-07,
      4.723820227386376e-07,
      4.7078937883472224e-07,
      4.6873206439764715e-07
    ],
    "DISPLACEMENT_Z": [
      1.0885154355451646e-06,
      1.088515431136509e-06,
      1.0885154025530875e-06,
      1.088515280841102e-06,
      1.0885149003645662e-06,
      1.0885140678482846e-06,
      1.0885132552198302e-06,
      1.0885151668419546e-06,
      1.0885242417864034e-06,
      1.0885384268188957e-06,
      1.0885390574118244e-06,
      1.0885036904202188e-06,
      1.0884468777710703e-06,
      1.08843789956561e-06,
      1.088549124428159e-06,
      1.0887721551713875e-06,
      1.0889767772553351e-06,
      1.088945631040427e-06
    ],
    "VELOCITY_X": [
      -3.1653992578543216e-13,
      -6.057907137788461e-13,
      -4.302817732713587e-12,
      -1.336412806627706e-10,
      -1.017870893438153e-09,
      -4.052235123952621e-09,
      -1.0040344616733195e-08,
      -1.4067377112573935e-08,
      1.5823576339108668e-09,
      6.007470717476856e-08,
      1.5329417345324676e-07,
      2.1646308002667288e-07,
      1.8315297918535966e-07,
      7.974696525932042e-08,
      2.1550605072885003e-08,
      9.373609384953187e-08,
      2.599271771591902e-07,
      3.9022636837109305e-07
    ],
    "VELOCITY_Y": [
      -7.375700349147611e-13,
      -5.5992041735064565e-12,
      3.5302158919562194e-12,
      2.814060040730471e-10,
      2.1526525515364e-09,
      9.375935349154548e-09,
      2.6577025485180507e-08,
      4.844405390932923e-08,
      4.278848074037287e-08,
      -4.8249859742873044e-08,
      -2.5995734484990895e-07,
      -5.34007845410927e-07,
      -7.390215917418897e-07,
      -8.373121769014606e-07,
      -9.831518106376998e-07,
      -1.3389849028505002e-06,
      -1.8463029049802153e-06,
      -2.2683259691700177e-06
    ],
    "VELOCITY_Z": [
      -6.623515647797912e-13,
      -8.154959502619805e-12,
      -4.901188366601921e-11,
      -1.9441208724697253e-10,
      -5.665409842867649e-10,
      -1.0984915790589762e-09,
      -5.267653296688725e-10,
      4.350009578514881e-09,
      1.3799879319022026e-08,
      1.4570185665703858e-08,
      -1.3308999807942964e-08,
      -5.742498340312055e-08,
      -5.6200314893955325e-08,
      3.8243903973291685e-08,
      1.84205821124442e-07,
      2.6185566533266233e-07,
      1.4738850256238527e-07,
      -2.0968093237844956e-07
    ],
    "ACCELERATION_X": [
      -6.298309857443709e-10,
      5.1329409757543256e-11,
      -7.445383447627025e-09,
      -2.5123154241248703e-07,
      -1.5172276831382783e-06,
      -4.551500777890659e-06,
      -7.42471820767049e-06,
      -6.293467840109881e-07,
      3.1928816276980596e-05,
      8.505588280473476e-05,
      0.00010138304975222169,
      2.4954763394630488e-05,
      -9.157496507725691e-05,
      -0.0001152370627748216,
      -1.1556575980492545e-06,
      0.000145526635151343,
      0.00018685553146797365,
      7.374285095583199e-05
    ],
    "ACCELERATION_Y": [
      -1.480642348600538e-09,
      -8.24262592858285e-09,
      2.6501466059508197e-08,
      5.292501103026735e-07,
      3.2132429846240317e-06,
      1.123332261061226e-05,
      2.3168857661439663e-05,
      2.056519918685778e-05,
      -3.18763455247705e-05,
      -0.00015020033544172135,
      -0.0002732146347723504,
      -0.00027488636634968573,
      -0.00013514112631223972,
      -6.144004400690181e-05,
      -0.00023023922346557637,
      -0.00048142696096002485,
      -0.000533209043299405,
      -0.0003108370850801991
    ],
    "ACCELERATION_Z": [
      -1.306168131751324e-09,
      -1.3679047743928705e-08,
      -6.803480058287011e-08,
      -2.2276560657903646e-07,
      -5.214921875005484e-07,
      -5.42409002043874e-07,
      1.6858615008240808e-06,
      8.067688315543427e-06,
      1.0832051165470868e-05,
      -9.291438472107204e-06,
      -4.646693247518644e-05,
      -4.176503471516875e-05,
      4.4214371733499194e-05,
      0.0001446740660009948,
      0.00014724976830130586,
      8.049920115134763e-06,
      -0.000236984245655689,
      -0.0004771546242259806
    ]
  },