{
  "TIME": [
    0.05,
    0.1,
    0.15000000000000002,
    0.2,
    0.25,
    0.3,
    0.35,
    0.39999999999999997,
    0.44999999999999996,
    0.49999999999999994,
    0.5499999999999999,
    0.6,
    0.65,
    0.7000000000000001,
    0.75
  ],
  "NODE_76": {
    "COORDINATES": [
      0.75,
      7.1,
      30.0
    ],
    "DISPLACEMENT_X": [
      5.838961346869537e-10,
      -5.123040722228622e-10,
      -2.5783815251041114e-09,
      -1.3891275761321315e-09,
      -1.3785174619099974e-08,
      -4.011707405171604e-08,
      -4.615792813307444e-08,
      -8.438480799113537e-07,
      -1.337357772371646e-06,
      1.918069286954123e-07,
      -7.243016675713791e-08,
      -1.73723534520798e-07,
      3.1326660368617743e-07,
      -5.453223245577674e-07,
      5.33964025456779e-07
    ],
    "DISPLACEMENT_Y": [
      -3.773848844071325e-10,
      8.434283993725482e-09,
      9.081727030673348e-09,
      5.725671083346277e-09,
      -1.7694542746676496e-07,
      -5.335882089421116e-07,
      -1.9332868785838838e-07,
      -8.524036121648978e-06,
      -1.4612657778165532e-05,
      3.388758321873996e-06,
      4.546263283417986e-08,
      -5.1651299194725424e-06,
      6.260073154452353e-06,
      -7.167065275471194e-06,
      2.9659223492369875e-06
    ],
    "DISPLACEMENT_Z": [
      -1.622643501789264e-09,
      -1.3866757841781685e-09,
      4.023786221491869e-09,
      2.476038482897897e-08,
      8.812789093773062e-09,
      8.532489947778296e-08,
      1.916332322843927e-07,
      -3.58027959843663e-06,
      2.3279734990934706e-06,
      3.874084714824018e-06,
      -5.02369524191901e-06,
      4.734007322315001e-06,
      -2.4707693047354344e-06,
      -4.2061817973328386e-08,
      3.1205500123253434e-06
    ],
    "VELOCITY_X": [
      2.3355845387478148e-08,
      -6.720385366387077e-08,
      -1.5439244451379194e-08,
      6.300940241025839e-08,
      -5.588512841289722e-07,
      -4.944246931756706e-07,
      2.5279052992133445e-07,
      -3.21603966010525e-05,
      1.2420008902640804e-05,
      4.874657914004154e-05,
      -5.931606295814355e-05,
      5.526432824759714e-05,
      -3.578472271931812e-05,
      1.4411655895603287e-06,
      4.173028841102159e-05
    ],
    "VELOCITY_Y": [
      -1.5095395376285302e-08,
      3.6756215050158984e-07,
      -3.416644290236752e-07,
      2.074221911305923e-07,
      -7.514266133135041e-06,
      -6.751445125878823e-06,
      2.0361825969227754e-05,
      -0.00035359012332085134,
      0.00011004525706018924,
      0.0006100113869413919,
      -0.0007437432145029845,
      0.0005353195124107158,
      -7.831138945372e-05,
      -0.00045877414774322185,
      0.0008640936527315498
    ],
    "VELOCITY_Z": [
      -6.490574007157056e-08,
      7.434444877601439e-08,
      1.4207403145078713e-07,
      6.873899128486969e-07,
      -1.3252937422569333e-06,
      4.385778157617329e-06,
      -1.3344484535294106e-07,
      -0.00015074306838348798,
      0.000387073192284692,
      -0.0003252287436554701,
      -3.068245461425106e-05,
      0.0004209905571836115,
      -0.0007091816222656289,
      0.0008063299217361132,
      -0.0006798254485241662
    ],
    "ACCELERATION_X": [
      9.342338154991257e-07,
      -4.556621777553082e-06,
      6.627206146052746e-06,
      -3.489260271587244e-06,
      -2.1385167189981975e-05,
      2.396223082811405e-05,
      5.926378095766156e-06,
      -0.0013024538633347193,
      0.0030856700834824514,
      -0.0016326072739864224,
      -0.002689898409940981,
      0.007273114058170609,
      -0.01091507609684722,
      0.01240411162920236,
      -0.010792546716343908
    ],
    "ACCELERATION_Y": [
      -6.03815815051412e-07,
      1.591011765016642e-05,
      -4.427918083117702e-05,
      6.624264563734772e-05,
      -0.00037511017860797303,
      0.0004056230188982218,
      0.0006789078249060412,
      -0.0156369857965092,
      0.034182401011750824,
      -0.014183755816502719,
      -0.03996642824127234,
      0.09112893731782035,
      -0.11567417339239777,
      0.10045566306081771,
      -0.04754095104182676
    ],
    "ACCELERATION_Z": [
      -2.596229602862822e-06,
      8.16623715676622e-06,
      -5.457053849775312e-06,
      2.726968910569169e-05,
      -0.00010777703530991689,
      0.00033621991130488736,
      -0.0005169888314236981,
      -0.005507396110101703,
      0.0270200465368289,
      -0.05551212397443538,
      0.06729397553608416,
      -0.04922705506416966,
      0.004020167886200049,
      0.05660029387386963,
      -0.11604650868428087
    ]
  },
  "NODE_229": {
    "COORDINATES": [
      2.5,
      7.1,
      30.0
    ],
    "DISPLACEMENT_X": [
      1.0139081679001025e-09,
      -1.526940928976454e-09,
      -5.111728222564549e-09,
      -2.855393726127995e-09,
      -7.232871700218538e-09,
      1.524871891721552e-08,
      1.3528351649131675e-07,
      -3.245527693857362e-07,
      -6.245313373027596e-07,
      4.397594433590373e-07,
      -5.891760209768279e-08,
      -1.543704139956256e-07,
      3.2897417744187017e-07,
      -5.545302098591332e-07,
      5.311349164864397e-07
    ],
    "DISPLACEMENT_Y": [
      -1.1624064020043269e-09,
      -1.3406299895659013e-09,
      9.386527489642482e-10,
      3.2280780128264343e-09,
      1.99384793510372e-08,
      7.467770940208783e-08,
      6.076998544160438e-07,
      1.4546666835435054e-07,
      -2.01972839910128e-06,
      1.1618240284701981e-06,
      1.0232899453822298e-06,
      -2.841695329719313e-06,
      2.944378052618798e-06,
      -2.123341979596597e-06,
      -5.449764689842386e-07
    ],
    "DISPLACEMENT_Z": [
      -3.8723414665810855e-09,
      1.341742064641226e-09,
      1.8270680414006053e-08,
      3.0652303965267195e-08,
      5.186575044450566e-08,
      2.0694093045130573e-07,
      5.942221610974286e-07,
      -4.046921071560879e-07,
      -1.3026204285324842e-07,
      1.0754519055661007e-06,
      -1.8470923794570334e-06,
      1.2753353646029448e-06,
      1.8991426194250207e-07,
      -1.4548462843422951e-06,
      2.8003398755517166e-06
    ],
    "VELOCITY_X": [
      4.05563267160041e-08,
      -1.4219029059106636e-07,
      -1.2012011524574336e-09,
      9.145458100991959e-08,
      -2.665536999735413e-07,
      1.1658173246709033e-06,
      3.6355745782931457e-06,
      -2.2029026013375263e-05,
      1.002988329669433e-05,
      3.2541747929777545e-05,
      -5.248882974804634e-05,
      4.8670717272128634e-05,
      -2.9336933614628808e-05,
      -6.003241877411326e-06,
      4.94298469312343e-05
    ],
    "VELOCITY_Y": [
      -4.6496256080173075e-08,
      3.93673125777101e-08,
      5.1803996963495885e-08,
      3.977301359099156e-08,
      6.286430399374392e-07,
      1.5609261621045861e-06,
      1.9759959638453647e-05,
      -3.824928708092138e-05,
      -4.8358515617303845e-05,
      0.00017562061272016297,
      -0.00018116197604368172,
      2.6562565039620013e-05,
      0.00020488037025390442,
      -0.0004075891715425202,
      0.0004707237919670146
    ],
    "VELOCITY_Z": [
      -1.5489365866324343e-07,
      3.634569999121359e-07,
      3.137005340624571e-07,
      1.8156440798798854e-07,
      6.669734511815499e-07,
      5.536033749090452e-06,
      9.955215476754463e-06,
      -4.991178620689512e-05,
      6.088898877900871e-05,
      -1.2660430842234736e-05,
      -0.00010424134055869063,
      0.00022913845032108973,
      -0.0002725552944275075,
      0.0002067648725761156,
      -3.655742618035489e-05
    ],
    "ACCELERATION_X": [
      1.622253068640164e-06,
      -8.932117760922983e-06,
      1.4571681338467342e-05,
      -1.086545005197226e-05,
      -3.4548811873661726e-06,
      6.0749722173143955e-05,
      3.804056797174572e-05,
      -0.001064624591638482,
      0.0023469809640412655,
      -0.001446506378717937,
      -0.001954716728395019,
      0.0060010986092020185,
      -0.009121404644672315,
      0.010054752314161013,
      -0.007837428761815184
    ],